Title,Link
"APRIL 6, 2020",/web/20200406131448/https://www.gmtgames.com/m-2-gmt-games.aspx
"JUNE 8, 2020",/web/20200608190959/https://www.gmtgames.com/m-2-gmt-games.aspx
"JANUARY 26, 2021",/web/20210131225419/https://www.gmtgames.com/m-2-gmt-games.aspx
"JANUARY 31, 2021",/web/20210308203201/https://www.gmtgames.com/m-2-gmt-games.aspx
"JUNE 6, 2021",/web/20210606104346/https://www.gmtgames.com/m-2-gmt-games.aspx
"JULY 6, 2021",/web/20210706074738/https://www.gmtgames.com/m-2-gmt-games.aspx
"AUGUST 7, 2021",/web/20210812045859/https://www.gmtgames.com/m-2-gmt-games.aspx
"OCTOBER 22, 2021",/web/20211022094747/https://www.gmtgames.com/m-2-gmt-games.aspx
"NOVEMBER 8, 2021",/web/20211108115003/https://www.gmtgames.com/m-2-gmt-games.aspx
"JANUARY 30, 2022",/web/20220130224514/https://www.gmtgames.com/m-2-gmt-games.aspx
"MARCH 4, 2022",/web/20220304101054/https://www.gmtgames.com/m-2-gmt-games.aspx
"MARCH 10, 2022",/web/20220321054238/https://www.gmtgames.com/m-2-gmt-games.aspx
"MARCH 21, 2022",/web/20220409031241/https://www.gmtgames.com/m-2-gmt-games.aspx
"JULY 1, 2022",/web/20220701210144/https://www.gmtgames.com/m-2-gmt-games.aspx
"MARCH 23, 2023",/web/20230325215347/https://www.gmtgames.com/m-2-gmt-games.aspx
"APRIL 5, 2023",/web/20230410064642/https://www.gmtgames.com/m-2-gmt-games.aspx
"JULY 23, 2024",/web/20240723043301/https://www.gmtgames.com/m-2-gmt-games.aspx
"AUGUST 29, 2024",/web/20240902080024/https://www.gmtgames.com/m-2-gmt-games.aspx
"SEPTEMBER 2, 2024",/web/20241121145625/https://www.gmtgames.com/m-2-gmt-games.aspx
"NOVEMBER 21, 2024",/web/20241122061350/https://www.gmtgames.com/m-2-gmt-games.aspx
"NOVEMBER 23, 2024",/web/20241123090316/https://www.gmtgames.com/m-2-gmt-games.aspx
"NOVEMBER 24, 2024",/web/20241127060014/https://www.gmtgames.com/m-2-gmt-games.aspx
"NOVEMBER 27, 2024",/web/20241220222200/https://www.gmtgames.com/m-2-gmt-games.aspx
"JANUARY 9, 2025",/web/20250111000826/https://www.gmtgames.com/m-2-gmt-games.aspx
"JANUARY 11, 2025",/web/20250201062325/https://www.gmtgames.com/m-2-gmt-games.aspx
"FEBRUARY 1, 2025",/web/20250207084330/https://www.gmtgames.com/m-2-gmt-games.aspx
"FEBRUARY 7, 2025",/web/20250212165608/https://www.gmtgames.com/m-2-gmt-games.aspx
"FEBRUARY 12, 2025",/web/20250212165608/https://www.gmtgames.com/m-2-gmt-games.aspx
"FEBRUARY 25, 2025",/web/20250228135252/https://www.gmtgames.com/m-2-gmt-games.aspx
"MARCH 5, 2025",/web/20250305044034/https://www.gmtgames.com/m-2-gmt-games.aspx
